Residue,BaMe,BlMo,Ei,KyDo,Me,Ro,WiWh,Ja,Mi
ALA,0.75,0.37,0.15,0.76,0.07,0.18,-0.20,0.06,0.40
ARG,-0.02,-1.52,-3.09,-1.41,0.11,-0.71,-0.41,-0.32,-0.15
ASN,-0.16,-0.79,-1.29,-1.06,0.11,-0.80,-0.51,0.13,-0.37
ASP,-0.50,-1.43,-1.42,-1.06,-1.08,-0.89,-1.53,-0.43,-0.43
CYS,2.60,0.55,-0.19,1.00,-0.90,1.69,0.31,0.55,1.65
GLN,-0.11,-0.76,-1.37,-1.06,-0.63,-0.89,-0.71,0.46,-0.29
GLU,-0.54,-1.40,-1.26,-1.06,-2.23,-0.89,-2.51,-0.72,-0.40
GLY,0.00,0.00,0.00,0.00,0.00,0.00,0.00,0.00,0.00
HIS,0.57,-1.00,-0.90,-0.96,-0.46,0.53,-0.20,0.03,0.30
ILE,2.19,1.34,0.92,1.68,1.83,1.42,0.35,1.54,2.08
LEU,1.97,1.34,0.60,1.44,1.16,1.16,0.71,1.54,1.91
LYS,-0.90,-0.67,-2.03,-1.20,0.01,-1.78,-0.59,-1.07,-0.74
MET,1.22,0.73,0.16,0.79,0.63,1.16,0.30,0.49,2.14
PHE,1.92,1.52,0.73,1.10,1.74,1.42,1.43,2.48,2.18
PRO,0.72,0.64,-0.37,-0.41,0.80,-0.71,-0.55,0.44,-0.29
SER,0.11,-0.43,-0.68,-0.14,0.16,-0.53,-0.15,0.07,-0.19
THR,0.47,-0.15,-0.55,-0.10,0.36,-0.18,-0.16,0.16,0.00
TRP,1.51,1.16,0.34,-0.17,1.96,1.16,2.33,2.81,1.52
TYR,1.36,1.16,-0.23,-0.31,0.80,0.36,1.19,1.84,0.68
VAL,1.88,1.00,0.61,1.58,0.36,1.25,-0.08,0.97,1.51